# One row per scan. A scan is processed ONLY if x0, y0, z0 AND source are filled.
# x0,y0,z0: scanner position in the scan file's ORIGINAL coordinates [m].
# source: where the position comes from (file metadata field, official document
#         + section, ...). Never the scan centroid; (0,0,0) only if a source
#         states the scan is stored in the scanner's own frame.
# path: relative to the repository root.
scan,path,x0,y0,z0,source
s1,data/eth_trees/raw/trees/s1.ply,0,0,0,"DATA-VERIFIED (no metadata/official statement; PLY header has no sensor origin): 3-D range clipped at 50.0 m around (0 0 0) with 0 points beyond; elevation-angle lattice score 0.341 at (0 0 0) vs <= 0.261 for +-2cm..1m offsets and centroid (results/eth_trees/inspect/s1.txt)"
s2,data/eth_trees/raw/trees/s2.ply,0,0,0,"DATA-VERIFIED (no metadata/official statement; PLY header has no sensor origin): 3-D range clipped at 50.0 m around (0 0 0) with 0 points beyond; elevation-angle lattice score 0.325 at (0 0 0) vs <= 0.253 for +-2cm..1m offsets and centroid (results/eth_trees/inspect/s2.txt)"
s3,data/eth_trees/raw/trees/s3.ply,0,0,0,"DATA-VERIFIED (no metadata/official statement; PLY header has no sensor origin): 3-D range clipped at 50.0 m around (0 0 0) with 0 points beyond; elevation-angle lattice score 0.337 at (0 0 0) vs <= 0.259 for +-2cm..1m offsets and centroid (results/eth_trees/inspect/s3.txt)"
s4,data/eth_trees/raw/trees/s4.ply,0,0,0,"DATA-VERIFIED (no metadata/official statement; PLY header has no sensor origin): 3-D range clipped at 50.0 m around (0 0 0) with 0 points beyond; elevation-angle lattice score 0.325 at (0 0 0) vs <= 0.249 for +-2cm..1m offsets and centroid (results/eth_trees/inspect/s4.txt)"
s5,data/eth_trees/raw/trees/s5.ply,0,0,0,"DATA-VERIFIED (no metadata/official statement; PLY header has no sensor origin): 3-D range clipped at 50.0 m around (0 0 0) with 0 points beyond; elevation-angle lattice score 0.314 at (0 0 0) vs <= 0.246 for +-2cm..1m offsets and centroid (results/eth_trees/inspect/s5.txt)"
s6,data/eth_trees/raw/trees/s6.ply,0,0,0,"DATA-VERIFIED (no metadata/official statement; PLY header has no sensor origin): 3-D range clipped at 50.0 m around (0 0 0) with 0 points beyond; elevation-angle lattice score 0.317 at (0 0 0) vs <= 0.247 for +-2cm..1m offsets and centroid (results/eth_trees/inspect/s6.txt)"
