metric,step_mean,step_std,linear_a_mean,linear_a_std,linear_mid_mean,linear_mid_std,physical_mean,physical_std
kept points,324549.000000,196.771159,340377.200000,166.651866,316264.700000,153.656941,272718.300000,150.146632
clusters,1054.400000,4.033196,1099.500000,3.922867,1045.900000,5.173651,938.100000,3.142893
trees,340.200000,9.162726,350.100000,8.887569,341.300000,7.860591,321.200000,11.669523
RANSAC success rate,0.322653,0.008833,0.318418,0.008012,0.326349,0.008584,0.342397,0.012464
fail: too_few_points,0.000000,0.000000,0.000000,0.000000,0.000000,0.000000,0.000000,0.000000
fail: no_model,0.000000,0.000000,0.000000,0.000000,0.000000,0.000000,0.000000,0.000000
fail: low_inlier_ratio,17.800000,3.392803,18.600000,4.477102,16.000000,3.800585,15.600000,3.062316
fail: radius_out_of_range,564.500000,8.809717,593.900000,8.900062,557.800000,10.293472,500.500000,10.168033
fail: tilt_too_large,118.000000,8.550504,123.000000,9.451631,116.900000,7.294595,86.900000,7.978443
fail: normal_inconsistent,0.000000,0.000000,0.000000,0.000000,0.000000,0.000000,0.000000,0.000000
fail: arc_coverage_low,0.000000,0.000000,0.000000,0.000000,0.000000,0.000000,0.000000,0.000000
fail: no_dtm_intersection,13.900000,2.601282,13.900000,2.601282,13.900000,2.601282,13.900000,2.601282
time 5 retention [ms],1.675777,0.074753,4.267161,8.122751,2.042366,0.234223,1.917558,0.042236
time 6 clustering [ms],1944.854122,18.398570,2117.345791,39.633454,1779.119887,36.319884,1346.854451,7.907845
time 7 ransac [ms],640.233301,94.985233,647.992903,15.865920,598.659353,18.543750,480.715933,9.272190
time 8 position [ms],1.620675,1.164168,1.271698,0.069797,1.258779,0.034359,1.088276,0.045395
time total 5-8 [ms],2588.383874,113.235680,2770.877554,57.582264,2381.080385,48.180604,1830.576217,9.504991
