cluster_id,x,y,z,radius,tilt_deg,n_points,n_inliers
6,-37.9685,-9.7220,6.0240,0.1548,4.894,90,84
10,-38.0879,-9.6332,4.4912,0.1213,3.093,104,103
13,-28.0134,-24.6396,0.4698,0.0849,1.635,123,116
16,-27.5553,-10.7160,8.8555,0.1957,1.065,104,103
17,-27.5683,-10.7390,9.1604,0.2033,0.529,336,244
18,-27.5596,-10.7760,9.5621,0.1797,1.547,164,140
19,-26.7305,-27.9359,2.3725,0.2790,2.549,500,477
20,-26.7934,-27.9270,2.4127,0.3436,0.333,311,296
27,-26.5784,-35.9722,9.1357,0.1604,3.069,181,172
42,-21.3933,-16.2205,-1.9671,0.2301,0.904,3380,2622
48,-20.0266,-19.8580,-2.4001,0.2214,1.838,3640,3214
49,-19.8659,25.1463,-5.6660,0.0916,4.963,90,83
57,-19.2956,2.1582,-1.7560,0.1865,1.580,277,219
58,-19.2732,2.2116,-1.7279,0.2129,1.185,668,455
65,-16.7567,-11.6659,-1.1311,0.2506,3.690,8319,7586
82,-15.1692,-1.6098,-3.0435,0.2661,0.836,3320,3151
83,-15.2110,-1.5873,-3.0040,0.2585,1.554,403,391
86,-14.6993,-1.5004,-3.2751,0.1042,1.602,146,129
107,-12.8465,-7.5798,-2.6775,0.2907,0.886,10901,9172
122,-11.7061,-14.0332,-1.8806,0.3278,0.373,4100,3958
125,-11.6730,-3.3544,-2.9510,0.2159,1.718,9405,8610
183,-10.0713,2.6551,-3.2051,0.3346,3.500,13483,12728
191,-9.9708,-6.6130,-2.4669,0.0758,2.893,51,51
220,-8.2648,14.4319,-3.8680,0.2207,11.221,224,222
223,-8.5435,14.6297,-3.7896,0.2417,4.455,505,483
225,-8.5953,14.5235,-3.8106,0.2279,4.211,824,780
227,-8.5937,-35.2830,6.9827,0.2671,1.634,585,561
295,-6.2479,-2.7149,-2.0504,0.2813,2.420,16860,14903
308,-5.9713,21.9386,-4.3406,0.2464,2.616,507,492
309,-5.7933,21.8295,-4.4020,0.2719,3.557,2536,2334
316,-5.7524,-20.2061,-1.0488,0.1435,2.458,449,418
319,-5.7580,-20.2815,-1.0319,0.1515,1.818,548,519
333,-5.2699,30.2515,-4.5163,0.2740,3.331,466,419
338,-5.3128,30.1315,-4.5712,0.2404,2.650,110,95
345,-4.8693,13.8190,-3.5191,0.3022,3.440,12602,11847
351,-5.4061,7.6280,-2.8438,0.0740,10.923,40,40
362,-4.8391,13.3711,-3.4673,0.0676,12.883,121,118
415,-3.4309,-10.2190,-1.5447,0.0756,6.827,73,73
456,-2.0420,-26.8304,0.5791,0.1557,8.720,106,99
460,-1.8370,-26.9321,0.7777,0.2132,3.257,346,328
477,-0.3945,5.6996,-1.6323,0.2715,1.535,15362,12953
529,1.1954,-17.0223,-0.0914,0.3180,2.244,4295,3863
562,1.9981,5.5317,-1.4637,0.3452,9.952,964,580
572,2.3817,18.3012,-0.8038,0.3153,2.519,7368,6145
616,3.4217,4.3803,-1.1017,0.2719,2.471,16913,15325
681,4.9295,-25.6794,0.6669,0.3173,7.088,250,163
682,4.8298,-7.1318,-0.3675,0.1011,19.343,322,269
837,9.4310,-15.1243,0.5794,0.2094,5.376,4425,3460
846,10.3249,18.2606,-0.7299,0.3107,1.893,8421,7411
888,11.8443,27.7463,-1.2942,0.3615,6.178,268,238
919,13.0455,-3.6197,0.7783,0.0957,3.207,127,122
922,13.3662,-3.3250,0.5347,0.3255,5.242,4040,3806
951,15.2884,34.5317,24.0197,0.0692,14.979,95,86
964,16.2080,-19.2907,2.1767,0.2553,2.179,2337,1805
983,17.6665,26.6541,0.4420,0.3319,2.309,2281,2145
985,17.6362,26.6250,0.4513,0.3242,3.130,717,614
986,18.0729,15.4216,0.8832,0.2821,6.990,955,828
989,18.0430,15.3780,0.8422,0.2540,4.087,257,252
992,18.1705,-13.8814,3.0030,0.2920,6.415,270,264
994,18.1319,-13.8630,2.8920,0.2485,4.552,318,306
1000,18.7926,24.7720,17.0137,0.0762,18.106,63,61
1009,20.1459,-30.3372,2.5166,0.1602,3.492,144,134
1010,20.2307,1.1452,2.1556,0.2265,1.077,559,536
1012,20.2020,-30.4052,2.6172,0.1697,1.692,337,317
1015,20.9423,8.2469,1.6782,0.2826,4.435,2322,1906
1034,24.8013,-6.7675,16.4458,0.1230,7.880,185,174
1043,36.9334,-17.0496,6.7704,0.2636,0.762,349,334
