variant,category,description,merge_radius,trees,repeatable,matched_trees,h_med_cm,z_med_cm,matches,correct,svd,ransac,ep_svd,ep_ransac
paper_literal,診斷,5 個擬合後檢查全關（最接近論文字面）,0.0,5032,0.409,2237,7.4,3.4,59,26,2,2,11.442,11.282
literal+radius,診斷,只開半徑檢查（3 cm–1 m）,0.0,2431,0.324,878,7.8,4.4,31,14,2,1,11.660,11.660
literal+tilt,診斷,只開傾角檢查（≤ 20°）,0.0,3893,0.458,1922,6.4,3.5,49,43,4,4,0.185,0.185
literal+ratio,診斷,只開 inlier 比例檢查（≥ 0.5）,0.0,4907,0.407,2174,7.3,3.4,78,28,2,2,12.112,11.952
baseline,既有,半徑、傾角、inlier 比例開；法向一致性、圓弧覆蓋關,0.0,1798,0.380,734,6.5,4.6,24,19,3,3,0.181,0.181
improved,既有,5 個檢查全開（預設）,0.0,420,0.574,255,3.8,4.2,64,64,8,8,0.037,0.037
baseline_rmin5,優化,baseline + radius_min 5 cm,0.0,1190,0.425,497,5.7,5.3,12,9,1,1,13.387,13.387
baseline_rmin8,優化,baseline + radius_min 8 cm,0.0,843,0.440,366,5.4,5.7,17,17,3,3,0.342,0.342
baseline_merge,優化,baseline + 合併 0.3 m 內重複樹位（D9 開關）,0.3,1798,0.380,734,6.5,4.6,13,9,1,1,6.174,6.070
improved_merge,優化,improved + 合併 0.3 m 內重複樹位（D9 開關）,0.3,420,0.574,255,3.8,4.2,77,77,10,10,0.045,0.045
improved_rmin5,優化,improved + radius_min 5 cm,0.0,420,0.574,255,3.8,4.2,64,64,8,8,0.037,0.037
improved_loose,優化,improved，門檻放寬：法向比例 0.65、覆蓋角 80°,0.0,639,0.513,341,4.5,4.7,59,58,9,9,0.083,0.083
improved_strict,優化,improved，門檻收緊：法向比例 0.85、覆蓋角 120°,0.0,286,0.549,188,3.7,4.4,63,63,9,9,0.069,0.035
improved_ctol5,優化,improved + clustering 距離 5 cm,0.0,447,0.568,237,4.6,4.4,42,42,8,8,0.084,0.084
improved_ctol20,優化,improved + clustering 距離 20 cm,0.0,386,0.561,257,3.8,4.6,76,76,10,10,0.061,0.061
improved_merge20,穩健性,improved + 合併 0.2 m,0.2,420,0.574,255,3.8,4.2,60,60,9,9,0.044,0.044
improved_merge50,穩健性,improved + 合併 0.5 m,0.5,420,0.574,255,3.8,4.2,71,71,10,10,0.045,0.045
improved_loose_merge,優化,improved_loose + 合併 0.3 m,0.3,639,0.513,341,4.5,4.7,54,52,7,8,0.124,0.124
literal_merge,診斷,paper_literal + 合併 0.3 m,0.3,5032,0.409,2237,7.4,3.4,50,22,2,2,12.312,12.171
improved_ctol20_merge,優化,improved + clustering 20 cm + 合併 0.3 m,0.3,386,0.561,257,3.8,4.6,85,85,10,10,0.070,0.062
