metric,step_mean,step_std,linear*_mean,linear*_std,physical*_mean,physical*_std
kept points,347076.000000,196.557597,347156.200000,187.116007,347003.100000,141.273926
clusters,754.900000,4.228212,754.000000,3.464102,761.200000,3.552777
trees,116.000000,3.399346,116.100000,3.478505,116.400000,3.098387
RANSAC success rate,0.153658,0.004231,0.153986,0.004821,0.152928,0.004445
fail: too_few_points,0.000000,0.000000,0.000000,0.000000,0.000000,0.000000
fail: no_model,0.000000,0.000000,0.000000,0.000000,0.000000,0.000000
fail: low_inlier_ratio,22.800000,3.735714,22.000000,3.590110,20.600000,3.533962
fail: radius_out_of_range,254.500000,9.489761,253.100000,6.081849,262.700000,8.590046
fail: tilt_too_large,87.100000,10.343543,87.300000,7.379401,85.500000,7.276293
fail: normal_inconsistent,168.700000,7.832269,170.100000,7.156194,169.600000,8.527081
fail: arc_coverage_low,103.400000,5.581716,103.000000,7.601170,104.000000,6.716481
fail: no_dtm_intersection,2.400000,1.173788,2.400000,1.173788,2.400000,1.173788
time 5 retention [ms],4.278113,4.879419,2.656374,2.312871,2.258530,1.535089
time 6 clustering [ms],2440.469470,29.587181,2435.300930,23.695882,2645.947486,98.992019
time 7 ransac [ms],643.143393,15.171044,645.044429,23.678148,716.809939,124.942895
time 8 position [ms],0.981873,0.135341,1.058392,0.521985,1.132663,0.578775
time total 5-8 [ms],3088.872848,41.420141,3084.060125,44.919945,3366.148619,216.282849
budget |kept - target|,nan,nan,99.200000,53.636223,132.500000,88.281431
